Month,Calendar_Year,Financial_Year,IEX_DAM_Average_MCP_Rs_per_kWh,Statistic,,Matching cell,Matching Year,Power Exchange,2022 Market Share (%),2026 Market Share (%)
January-2017,2017,FY 2016-17,2.5,Maximum,10.1,65,FY 2022-23,IEX,95,84-90
February-2017,2017,FY 2016-17,2.54,Minimum,2.46,40,FY 2020-21,PXIL,5,8-11
March-2017,2017,FY 2016-17,2.56,,,,,HPX,0,2-5
April-2017,2017,FY 2017-18,2.77,,,,,,,
May-2017,2017,FY 2017-18,2.92,,,,,HHI,8872,7362
June-2017,2017,FY 2017-18,2.59,,,,,,,
July-2017,2017,FY 2017-18,2.49,,,,,,,
August-2017,2017,FY 2017-18,3.13,,,,,,,
September-2017,2017,FY 2017-18,4.09,,,,,,,
October-2017,2017,FY 2017-18,4.08,,,,,,,
November-2017,2017,FY 2017-18,3.55,,,,,,,
December-2017,2017,FY 2017-18,3,,,,,,,
January-2018,2018,FY 2017-18,3.2,,,,,,,
February-2018,2018,FY 2017-18,3.24,,,,,,,
March-2018,2018,FY 2017-18,4.02,,,,,,,
April-2018,2018,FY 2018-19,4.03,,,,,,,
May-2018,2018,FY 2018-19,4.76,,,,,,,
June-2018,2018,FY 2018-19,3.86,,,,,,,
July-2018,2018,FY 2018-19,3.59,,,,,,,
August-2018,2018,FY 2018-19,3.43,,,,,,,
September-2018,2018,FY 2018-19,4.99,,,,,,,
October-2018,2018,FY 2018-19,6.13,,,,,,,
November-2018,2018,FY 2018-19,3.82,,,,,,,
December-2018,2018,FY 2018-19,3.5,,,,,,,
January-2019,2019,FY 2018-19,3.63,,,,,,,
February-2019,2019,FY 2018-19,3.31,,,,,,,
March-2019,2019,FY 2018-19,3.28,,,,,,,
April-2019,2019,FY 2019-20,3.22,,,,,,,
May-2019,2019,FY 2019-20,3.34,,,,,,,
June-2019,2019,FY 2019-20,3.34,,,,,,,
July-2019,2019,FY 2019-20,3.38,,,,,,,
August-2019,2019,FY 2019-20,3.32,,,,,,,
September-2019,2019,FY 2019-20,2.77,,,,,,,
October-2019,2019,FY 2019-20,2.71,,,,,,,
November-2019,2019,FY 2019-20,2.85,,,,,,,
December-2019,2019,FY 2019-20,2.93,,,,,,,
January-2020,2020,FY 2019-20,2.86,,,,,,,
February-2020,2020,FY 2019-20,2.91,,,,,,,
March-2020,2020,FY 2019-20,2.46,,,,,,,
April-2020,2020,FY 2020-21,3.97,,,,,,,
May-2020,2020,FY 2020-21,4.2,,,,,,,
June-2020,2020,FY 2020-21,3.32,,,,,,,
July-2020,2020,FY 2020-21,3.93,,,,,,,
August-2020,2020,FY 2020-21,3.76,,,,,,,
September-2020,2020,FY 2020-21,3.62,,,,,,,
October-2020,2020,FY 2020-21,3.12,,,,,,,
November-2020,2020,FY 2020-21,3,,,,,,,
December-2020,2020,FY 2020-21,2.91,,,,,,,
January-2021,2021,FY 2020-21,2.93,,,,,,,
February-2021,2021,FY 2020-21,3.11,,,,,,,
March-2021,2021,FY 2020-21,3.14,,,,,,,
April-2021,2021,FY 2021-22,3.48,,,,,,,
May-2021,2021,FY 2021-22,3.45,,,,,,,
June-2021,2021,FY 2021-22,3.7,,,,,,,
July-2021,2021,FY 2021-22,4.07,,,,,,,
August-2021,2021,FY 2021-22,4.44,,,,,,,
September-2021,2021,FY 2021-22,5.06,,,,,,,
October-2021,2021,FY 2021-22,8.01,,,,,,,
November-2021,2021,FY 2021-22,3.08,,,,,,,
December-2021,2021,FY 2021-22,3.68,,,,,,,
January-2022,2022,FY 2021-22,3.24,,,,,,,
February-2022,2022,FY 2021-22,4.4,,,,,,,
March-2022,2022,FY 2021-22,8.23,,,,,,,
April-2022,2022,FY 2022-23,10.1,,,,,,,
May-2022,2022,FY 2022-23,6.8,,,,,,,
June-2022,2022,FY 2022-23,6.5,,,,,,,
July-2022,2022,FY 2022-23,5.4,,,,,,,
August-2022,2022,FY 2022-23,5.2,,,,,,,
September-2022,2022,FY 2022-23,5.6,,,,,,,
October-2022,2022,FY 2022-23,3.8,,,,,,,
November-2022,2022,FY 2022-23,4.6,,,,,,,
December-2022,2022,FY 2022-23,5.2,,,,,,,
January-2023,2023,FY 2022-23,6.2,,,,,,,
February-2023,2023,FY 2022-23,6.7,,,,,,,
March-2023,2023,FY 2022-23,5.4,,,,,,,
April-2023,2023,FY 2023-24,5.4,,,,,,,
May-2023,2023,FY 2023-24,4.7,,,,,,,
June-2023,2023,FY 2023-24,5.4,,,,,,,
July-2023,2023,FY 2023-24,4.55,,,,,,,
August-2023,2023,FY 2023-24,6.89,,,,,,,
September-2023,2023,FY 2023-24,6.23,,,,,,,
October-2023,2023,FY 2023-24,6.45,,,,,,,
November-2023,2023,FY 2023-24,3.9,,,,,,,
December-2023,2023,FY 2023-24,4.55,,,,,,,
January-2024,2024,FY 2023-24,5.83,,,,,,,
February-2024,2024,FY 2023-24,4.93,,,,,,,
March-2024,2024,FY 2023-24,3.91,,,,,,,
April-2024,2024,FY 2024-25,5.11,,,,,,,
May-2024,2024,FY 2024-25,5.28,,,,,,,
June-2024,2024,FY 2024-25,5.41,,,,,,,
July-2024,2024,FY 2024-25,4.98,,,,,,,
August-2024,2024,FY 2024-25,4.29,,,,,,,
September-2024,2024,FY 2024-25,4.19,,,,,,,
October-2024,2024,FY 2024-25,3.92,,,,,,,
November-2024,2024,FY 2024-25,3.3,,,,,,,
December-2024,2024,FY 2024-25,3.89,,,,,,,
January-2025,2025,FY 2024-25,4.44,,,,,,,
February-2025,2025,FY 2024-25,4.38,,,,,,,
March-2025,2025,FY 2024-25,4.47,,,,,,,
April-2025,2025,FY 2025-26,5.2,,,,,,,
May-2025,2025,FY 2025-26,4.13,,,,,,,
June-2025,2025,FY 2025-26,3.9,,,,,,,
July-2025,2025,FY 2025-26,4.19,,,,,,,
August-2025,2025,FY 2025-26,4,,,,,,,
September-2025,2025,FY 2025-26,3.58,,,,,,,
October-2025,2025,FY 2025-26,2.67,,,,,,,
November-2025,2025,FY 2025-26,3.07,,,,,,,
December-2025,2025,FY 2025-26,3.81,,,,,,,
January-2026,2026,FY 2025-26,3.9,,,,,,,
February-2026,2026,FY 2025-26,3.6,,,,,,,
March-2026,2026,FY 2025-26,3.94,,,,,,,